{"labels": [2, 2, 2, 13, 2, 2, 2, 2, 2, 2, 2, 2, 2, 2, 2, 56, 2, 2, 2, 2, 2, 2, 2, 2, 13, 2, 2, 2, 2, 2, 2, 2, 2, 2, 2, 2, 2, 2, 2, 0, 2, 2, 28, 2, 56, 7, 7, 0, 2, 2, 7, 2, 0, 2, 2, 2, 2], "scores": [0.9887660145759583, 0.9871572852134705, 0.9832060933113098, 0.9777801632881165, 0.9713268876075745, 0.9678020477294922, 0.9594149589538574, 0.9592534303665161, 0.956841230392456, 0.9510122537612915, 0.9458500742912292, 0.9439924955368042, 0.9331439137458801, 0.866324245929718, 0.8267841935157776, 0.7778763771057129, 0.7534804344177246, 0.716600239276886, 0.6007825136184692, 0.5920003652572632, 0.5540301203727722, 0.5435196757316589, 0.4767577052116394, 0.46119189262390137, 0.4169984757900238, 0.40099775791168213, 0.34384986758232117, 0.2879636585712433, 0.26120075583457947, 0.2584044337272644, 0.2560502886772156, 0.2559630870819092, 0.20996947586536407, 0.2039611041545868, 0.19742465019226074, 0.14997220039367676, 0.14838506281375885, 0.1476292908191681, 0.1417352259159088, 0.13545501232147217, 0.13270898163318634, 0.12589050829410553, 0.11515285819768906, 0.11072195321321487, 0.1012357622385025, 0.0975094884634018, 0.09688194841146469, 0.08887864649295807, 0.08136444538831711, 0.07645472884178162, 0.0743648111820221, 0.07326335459947586, 0.07207176089286804, 0.0647420659661293, 0.06321705132722855, 0.05161791294813156, 0.05153823271393776], "bboxes": [[609.6500244140625, 113.805908203125, 634.5115966796875, 136.95191955566406], [481.773681640625, 110.48099517822266, 522.4596557617188, 130.40711975097656], [1.0182130336761475, 112.14472961425781, 60.43744659423828, 144.17376708984375], [219.20887756347656, 174.56265258789062, 460.10882568359375, 377.04669189453125], [294.6236877441406, 117.03523254394531, 378.0226745605469, 150.5508575439453], [396.3289489746094, 111.20333099365234, 432.49053955078125, 132.72926330566406], [590.976318359375, 110.80265808105469, 615.40185546875, 126.4935531616211], [267.5820007324219, 105.6860122680664, 328.8187561035156, 128.2265625], [166.8567352294922, 108.00660705566406, 219.10069274902344, 140.19480895996094], [189.7696075439453, 109.80110931396484, 300.3108215332031, 153.78189086914062], [429.8224792480469, 105.65538024902344, 482.74151611328125, 132.37672424316406], [555.0009155273438, 109.78498840332031, 592.7617797851562, 127.8084945678711], [59.67904281616211, 93.18280029296875, 83.45455169677734, 106.24291229248047], [97.84465026855469, 89.654296875, 118.17234802246094, 101.0111083984375], [143.8990020751953, 96.18699645996094, 164.5998077392578, 104.97925567626953], [372.6518249511719, 136.14308166503906, 432.0538024902344, 188.44647216796875], [85.58942413330078, 89.944580078125, 98.89207458496094, 98.5285415649414], [97.82825469970703, 90.74437713623047, 110.29805755615234, 99.7373275756836], [223.57920837402344, 98.51847076416016, 249.84510803222656, 107.5098648071289], [168.92860412597656, 95.94690704345703, 182.8434295654297, 105.69496154785156], [135.02134704589844, 90.87393951416016, 150.60702514648438, 102.79887390136719], [0.0, 111.52194213867188, 14.53266716003418, 125.85028839111328], [553.8966064453125, 116.17054748535156, 562.602294921875, 126.39092254638672], [375.80975341796875, 119.57905578613281, 382.37646484375, 132.1138916015625], [372.06634521484375, 136.31430053710938, 432.19525146484375, 187.1729278564453], [137.9241180419922, 93.79753875732422, 154.49716186523438, 104.65968322753906], [555.009033203125, 110.95270538330078, 574.9256591796875, 126.91203308105469], [554.0431518554688, 100.95907592773438, 561.2978515625, 110.92771911621094], [614.7410278320312, 101.98706817626953, 635.4816284179688, 112.59370422363281], [570.7603149414062, 109.67938232421875, 590.2860717773438, 127.2488784790039], [0.47854411602020264, 111.56817626953125, 22.50409698486328, 142.62355041503906], [375.0931396484375, 111.69644927978516, 420.53680419921875, 133.69105529785156], [262.74725341796875, 107.56562805175781, 326.7658996582031, 143.92530822753906], [79.13125610351562, 90.3788833618164, 100.24787902832031, 101.08087921142578], [609.3134765625, 113.30851745605469, 625.9619750976562, 125.3425064086914], [135.30484008789062, 92.37714385986328, 164.08018493652344, 104.99246215820312], [67.35405731201172, 88.50080871582031, 82.98534393310547, 97.39421081542969], [540.8524169921875, 113.84894561767578, 561.85546875, 126.19877624511719], [351.7350158691406, 109.43265533447266, 439.3100891113281, 134.81973266601562], [375.3485412597656, 119.17100524902344, 381.95086669921875, 134.4606170654297], [96.31790924072266, 89.87806701660156, 153.28778076171875, 101.7763671875], [45.449501037597656, 117.44497680664062, 61.89558029174805, 144.27505493164062], [91.32599639892578, 107.15576934814453, 106.02936553955078, 119.77730560302734], [606.4075317382812, 112.21598815917969, 618.9356689453125, 124.95724487304688], [218.4040985107422, 175.13783264160156, 462.1076354980469, 365.5412902832031], [188.2000732421875, 109.94707489013672, 300.4713439941406, 156.33583068847656], [427.7491149902344, 105.11559295654297, 483.4554443359375, 132.9432830810547], [532.3619995117188, 109.55472564697266, 540.5265502929688, 125.22264099121094], [102.15261840820312, 93.61436462402344, 141.08184814453125, 101.59896850585938], [398.3648376464844, 112.08146667480469, 409.38983154296875, 132.89776611328125], [294.50482177734375, 117.64228820800781, 378.6328125, 150.46356201171875], [539.245849609375, 112.39483642578125, 548.7567138671875, 121.96446228027344], [361.1242980957031, 109.04920959472656, 368.6256103515625, 122.48306274414062], [609.1565551757812, 104.01746368408203, 635.4721069335938, 126.77719116210938], [3.7589468955993652, 98.57450866699219, 74.5848388671875, 135.15499877929688], [168.16648864746094, 91.4260482788086, 220.30313110351562, 107.9556884765625], [70.9723892211914, 90.26848602294922, 105.39813232421875, 103.82550811767578]]}