{"labels": [24, 0, 0, 14, 2, 0, 14, 14, 2, 2, 2, 0, 24, 14, 24], "scores": [0.588996410369873, 0.5654545426368713, 0.3854950964450836, 0.3370458781719208, 0.23513992130756378, 0.21743421256542206, 0.19905410706996918, 0.18906304240226746, 0.16159191727638245, 0.14304091036319733, 0.11397680640220642, 0.09654445946216583, 0.06933382898569107, 0.05534355342388153, 0.05218542367219925], "bboxes": [[427.3590087890625, 269.7072448730469, 474.2304382324219, 307.520751953125], [290.3240661621094, 291.0044250488281, 297.04052734375, 304.7508544921875], [373.5993957519531, 252.022705078125, 380.1763610839844, 262.61834716796875], [162.3380126953125, 285.9774475097656, 186.41677856445312, 296.0286560058594], [100.35355377197266, 278.13763427734375, 126.90264892578125, 290.5941162109375], [428.77532958984375, 7.134585857391357, 641.0, 350.430908203125], [161.65994262695312, 285.7669982910156, 174.7627410888672, 294.8249816894531], [153.3734588623047, 275.6626892089844, 161.9744110107422, 283.0750732421875], [99.07050323486328, 285.0636291503906, 112.41952514648438, 292.3525085449219], [114.78359985351562, 283.0600280761719, 125.78448486328125, 289.6081237792969], [96.81781768798828, 282.48785400390625, 117.4999771118164, 292.36224365234375], [303.2017517089844, 277.583984375, 310.215576171875, 287.7403259277344], [457.8778381347656, 256.9799499511719, 509.31512451171875, 323.62939453125], [152.63914489746094, 267.936279296875, 162.5811004638672, 282.715087890625], [393.3038330078125, 282.8382568359375, 433.2013244628906, 307.59112548828125]]}